{
  "name": "newsnow",
  "author": "lnedpaul",
  "url": "https://github.com/lnedpaul/siyuan-plug-newsnow",
  "version": "0.3.0",
  "minAppVersion": "3.1.27",
  "backends": [
    "windows",
    "linux",
    "darwin",
    "android",
    "ios",
    "docker"
  ],
  "frontends": [
    "desktop",
    "browser-desktop",
    "mobile",
    "browser-mobile"
  ],
  "displayName": {
    "default": "NewsNow",
    "en_US": "NewsNow",
    "zh_CN": "新闻聚合"
  },
  "description": {
    "default": "Browse and save news in SiYuan Note.",
    "en_US": "Browse and save news in SiYuan Note.",
    "zh_CN": "在思源笔记中浏览和保存新闻。"
  },
  "readme": {
    "default": "README.md",
    "zh_CN": "README.md"
  },
  "icon": "icon.png",
  "main": "dist/index.js",
  "settings": {
    "custom": true
  },
  "i18n": [
    "en_US",
    "zh_CN"
  ]
}